Date,AAPL,GOOGL,MSFT
2021-01-04,125.85671997070312,85.59902954101562,208.40650939941406
2021-01-05,127.41272735595703,86.28932189941406,208.60755920410156
2021-01-06,123.12384796142578,85.43785095214844,203.19851684570312
2021-01-07,127.32522583007812,87.9897689819336,208.98095703125
2021-01-08,128.42420959472656,89.1546401977539,210.25421142578125
2021-01-11,125.43849182128906,87.09466552734375,208.215087890625
2021-01-12,125.26344299316406,86.15938568115234,205.7642059326172
2021-01-13,127.29608917236328,86.64637756347656,207.1140594482422
2021-01-14,125.37044525146484,85.8365707397461,203.9356689453125
2021-01-15,123.64904022216797,85.67290496826172,203.58145141601562
2021-01-19,124.320068359375,88.49211883544922,207.20985412597656
2021-01-20,128.40476989746094,93.23294067382812,214.77301025390625
2021-01-21,133.1118621826172,93.43524169921875,215.37611389160156
2021-01-22,135.25144958496094,93.85231018066406,216.31431579589844
2021-01-25,138.99574279785156,93.9375991821289,219.74160766601562
2021-01-26,139.22915649414062,94.6155014038086,222.4221954345703
2021-01-27,138.15936279296875,90.20149230957031,222.9678955078125
2021-01-28,133.32582092285156,91.90044403076172,228.7407684326172
2021-01-29,128.33670043945312,90.61902618408203,222.06800842285156
2021-02-01,130.45681762695312,93.87760925292969,229.43003845214844
2021-02-02,131.2834930419922,95.16942596435547,229.29600524902344
2021-02-03,130.26229858398438,102.10014343261719,232.63719177246094
2021-02-04,133.6175537109375,101.83979797363281,231.6894073486328
2021-02-05,133.20362854003906,103.58536529541016,231.87132263183594
2021-02-08,133.34974670410156,103.37163543701172,232.12977600097656
2021-02-09,132.47314453125,102.91888427734375,233.37432861328125
2021-02-10,131.86924743652344,103.46883392333984,232.46487426757812
2021-02-11,131.61602783203125,103.5813980102539,234.06362915039062
2021-02-12,131.8497772216797,103.89282989501953,234.5423126220703
2021-02-16,129.7264862060547,104.66991424560547,233.30731201171875
2021-02-17,127.43756103515625,105.06266021728516,234.32444763183594
2021-02-18,126.33699798583984,104.42740631103516,233.93101501464844
2021-02-19,126.49279022216797,103.5843734741211,231.22506713867188
2021-02-22,122.72343444824219,101.87104797363281,225.02633666992188
2021-02-23,122.58708190917969,102.16163635253906,223.83644104003906
2021-02-24,122.09033966064453,103.33641815185547,225.064697265625
2021-02-25,117.8437271118164,99.97123718261719,219.72955322265625
2021-02-26,118.1067123413086,100.26679992675781,222.98248291015625
2021-03-01,124.46690368652344,102.63472747802734,227.3580780029297
2021-03-02,121.86634063720703,102.37784576416016,224.41220092773438
2021-03-03,118.88589477539062,99.74609375,218.35736083984375
2021-03-04,117.0060806274414,100.86286926269531,217.56092834472656
2021-03-05,118.2625503540039,103.99398803710938,222.2340087890625
2021-03-08,113.33411407470703,99.55219268798828,218.19424438476562
2021-03-09,117.94111633300781,101.18173217773438,224.3258819580078
2021-03-10,116.86000061035156,100.97494506835938,223.0208282470703
2021-03-11,118.78849029541016,104.16607666015625,227.54034423828125
2021-03-12,117.88268280029297,101.6597900390625,226.21615600585938
2021-03-15,120.76570129394531,101.87996673583984,225.3141632080078
2021-03-16,122.30463409423828,103.34040069580078,228.09690856933594
2021-03-17,121.51570892333984,103.2575912475586,227.4540252685547
2021-03-18,117.39568328857422,100.23854064941406,221.38961791992188
2021-03-19,116.86973571777344,100.5172348022461,221.03456115722656
2021-03-22,120.18132019042969,100.70220184326172,226.44644165039062
2021-03-23,119.35342407226562,101.22984313964844,227.97216796875
2021-03-24,116.96712493896484,100.79344177246094,225.9379425048828
2021-03-25,117.4541244506836,100.78997802734375,222.94407653808594
2021-03-26,118.05799865722656,100.40664672851562,226.91665649414062
2021-03-29,118.23331451416016,101.45100402832031,225.72682189941406
2021-03-30,116.78206634521484,101.4847183227539,222.4739227294922
2021-03-31,118.97356414794922,102.2806625366211,226.23538208007812
2021-04-01,119.80145263671875,105.6160888671875,232.5492706298828
2021-04-05,122.62604522705078,110.03852844238281,238.9975128173828
2021-04-06,122.9280014038086,109.55751037597656,237.8364715576172
2021-04-07,124.57403564453125,111.03380584716797,239.7939453125
2021-04-08,126.97005462646484,111.59913635253906,243.0084686279297
2021-04-09,129.54139709472656,112.60282897949219,245.50332641601562
2021-04-12,127.82720184326172,111.3110122680664,245.56088256835938
2021-04-13,130.9342041015625,111.79750061035156,248.03656005859375
2021-04-14,128.59664916992188,111.1766128540039,245.2538299560547
2021-04-15,131.00241088867188,113.32585906982422,249.00567626953125
2021-04-16,130.6712646484375,113.20189666748047,250.19557189941406
2021-04-19,131.33355712890625,113.54951477050781,248.27645874023438
2021-04-20,129.64852905273438,113.01641845703125,247.8158416748047
2021-04-21,130.0283966064453,112.98369598388672,250.04205322265625
2021-04-22,128.5089569091797,111.7027816772461,246.7699737548828
2021-04-23,130.8271026611328,114.05384826660156,250.58895874023438
2021-04-26,131.21670532226562,114.54975891113281,250.9728240966797
2021-04-27,130.89527893066406,113.6100082397461,251.3757781982422
2021-04-28,130.10633850097656,116.98513793945312,244.26551818847656
2021-04-29,130.0089111328125,118.65729522705078,242.29840087890625
2021-04-30,128.0414581298828,116.71038818359375,241.9817352294922
2021-05-03,129.09335327148438,116.19366455078125,241.67469787597656
2021-05-04,124.52531433105469,114.3960189819336,237.76927185058594
2021-05-05,124.76883697509766,114.78976440429688,236.50267028808594
2021-05-06,126.36619567871094,115.90951538085938,239.6308135986328
2021-05-07,127.03939819335938,116.63253021240234,242.2504119873047
2021-05-10,123.76118469238281,113.64820861816406,237.1839599609375
2021-05-11,122.84408569335938,112.57259368896484,236.2723388671875
2021-05-12,119.78053283691406,109.11070251464844,229.33474731445312
2021-05-13,121.92697143554688,110.53839874267578,233.2017822265625
2021-05-14,124.3465805053711,112.98517608642578,238.11468505859375
2021-05-17,123.19532775878906,113.50785827636719,235.2648468017578
2021-05-18,121.80989074707031,112.19619750976562,233.249755859375
2021-05-19,121.65380096435547,112.64399719238281,233.8267822265625
2021-05-20,124.20999908447266,114.40196228027344,237.058349609375
2021-05-21,122.37576293945312,113.76622009277344,235.79843139648438
2021-05-24,124.0051040649414,117.08430480957031,241.1940155029297
2021-05-25,123.80999755859375,117.175048828125,242.0980987548828
2021-05-26,123.76118469238281,118.0398941040039,241.87686157226562
2021-05-27,122.22942352294922,117.1656265258789,239.7801971435547
2021-05-28,121.57574462890625,116.87651824951172,240.13604736328125
2021-06-01,121.2537841796875,118.08303833007812,237.94320678710938
2021-06-02,122.01480102539062,117.5578842163086,237.84703063964844
2021-06-03,120.53179931640625,116.41680145263672,236.3178253173828
2021-06-04,122.82457733154297,118.69745635986328,241.20364379882812
2021-06-07,122.83433532714844,119.13038635253906,244.10821533203125
2021-06-08,123.65387725830078,118.93897247314453,242.91561889648438
2021-06-09,124.03437042236328,119.41007232666016,243.8965606689453
2021-06-10,123.03921508789062,120.75843048095703,247.40707397460938
2021-06-11,124.24901580810547,120.51395416259766,248.03224182128906
2021-06-14,127.30278778076172,121.4417953491211,249.9557647705078
2021-06-15,126.48326110839844,120.42418670654297,248.48423767089844
2021-06-16,126.9808349609375,119.7824935913086,247.54176330566406
2021-06-17,128.58091735839844,120.74553680419922,250.92713928222656
2021-06-18,127.2833023071289,119.12641906738281,249.51339721679688
2021-06-21,129.0784912109375,120.81398010253906,252.591064453125
2021-06-22,130.7175750732422,121.32772064208984,255.36097717285156
2021-06-23,130.4444122314453,121.12589263916016,255.130126953125
2021-06-24,130.16146850585938,121.49584197998047,256.4959411621094
2021-06-25,129.86874389648438,121.50425720214844,254.8896484375
2021-06-28,131.4980926513672,121.53153991699219,258.44830322265625
2021-06-29,133.01039123535156,121.27021789550781,261.02581787109375
2021-06-30,133.6250457763672,121.08870697021484,260.544921875
2021-07-01,133.92745971679688,121.4407958984375,261.2181396484375
2021-07-02,136.55197143554688,124.2307357788086,267.03692626953125
2021-07-06,138.56178283691406,125.15559387207031,267.04656982421875
2021-07-07,141.0497589111328,125.43726348876953,269.2297668457031
2021-07-08,139.75210571289062,124.01898193359375,266.8157653808594
2021-07-09,141.57656860351562,124.48959350585938,267.3157958984375
2021-07-12,140.9813995361328,125.93466186523438,266.71954345703125
2021-07-13,142.09365844726562,126.29765319824219,270.2396240234375
2021-07-14,145.51820373535156,127.1858139038086,271.71112060546875
2021-07-15,144.86448669433594,125.96389770507812,270.28778076171875
2021-07-16,142.8253631591797,125.92919158935547,270.0184020996094
2021-07-19,138.9813232421875,123.55680084228516,266.4213562011719
2021-07-20,142.59127807617188,125.1749267578125,268.6431579589844
2021-07-21,141.8594970703125,126.50345611572266,270.6435546875
2021-07-22,143.2254180908203,127.3687973022461,275.202392578125
2021-07-23,144.9425506591797,131.92465209960938,278.59747314453125
2021-07-26,145.36212158203125,132.936279296875,278.0010986328125
2021-07-27,143.19619750976562,130.81878662109375,275.5870666503906
2021-07-28,141.44973754882812,134.97837829589844,275.2793273925781
2021-07-29,142.09365844726562,134.6645050048828,275.54864501953125
2021-07-30,142.30828857421875,133.6221160888672,274.0194091796875
2021-08-02,141.97659301757812,133.7490997314453,273.932861328125
2021-08-03,143.77178955078125,134.51820373535156,276.1448974609375
2021-08-04,143.3717803955078,134.01785278320312,275.5582580566406
2021-08-05,143.4791259765625,135.13461303710938,278.4531555175781
2021-08-06,142.79513549804688,134.6258087158203,278.3954772949219
2021-08-09,142.74623107910156,135.7906951904297,277.30865478515625
2021-08-10,142.2674560546875,135.68557739257812,275.4909362792969
2021-08-11,142.5215301513672,135.16189575195312,275.9814147949219
2021-08-12,145.482177734375,136.0693817138672,278.7321472167969
2021-08-13,145.68736267089844,136.59849548339844,281.6559143066406
2021-08-16,147.66111755371094,137.1757354736328,283.3389892578125
2021-08-17,146.75241088867188,135.541259765625,281.8771057128906
2021-08-18,143.01004028320312,134.33868408203125,280.1522216796875
2021-08-19,143.34230041503906,134.56781005859375,285.9724426269531
2021-08-20,144.7981719970703,136.30296325683594,293.2863464355469
2021-08-23,146.28341674804688,138.8935546875,293.56573486328125
2021-08-24,146.19544982910156,140.10354614257812,291.609619140625
2021-08-25,144.96424865722656,140.9143524169922,291.0218200683594
2021-08-26,144.16307067871094,140.28109741210938,288.20806884765625
2021-08-27,145.1988525390625,142.82354736328125,288.815185546875
2021-08-30,149.61534118652344,143.40525817871094,292.5443115234375
2021-08-31,148.3548583984375,143.51138305664062,290.8965759277344
2021-09-01,149.01930236816406,144.02511596679688,290.848388671875
2021-09-02,150.1332244873047,142.11245727539062,290.1930847167969
2021-09-03,150.76834106445312,142.56124877929688,290.1835021972656
2021-09-07,153.10362243652344,143.0977783203125,289.2583923339844
2021-09-08,151.559814453125,142.51312255859375,289.2873229980469
2021-09-09,150.5436248779297,142.3643798828125,286.4350280761719
2021-09-10,145.56031799316406,139.72120666503906,284.9510192871094
2021-09-13,146.1270751953125,141.165771484375,286.1844482421875
2021-09-14,144.7297821044922,141.37600708007812,288.8825988769531
2021-09-15,145.61895751953125,143.24557495117188,293.7296142578125
2021-09-16,145.38442993164062,142.4327850341797,294.11505126953125
2021-09-17,142.71694946289062,139.64584350585938,288.959716796875
2021-09-20,139.66836547851562,137.58236694335938,283.5923767089844
2021-09-21,140.14715576171875,137.89332580566406,284.0741882324219
2021-09-22,142.51173400878906,139.13357543945312,287.7166442871094
2021-09-23,143.4692840576172,140.0584259033203,288.66094970703125
2021-09-24,143.55728149414062,141.04922485351562,288.4586181640625
2021-09-27,142.04270935058594,139.9156036376953,283.4671325683594
2021-09-28,138.66195678710938,134.71656799316406,273.2046203613281
2021-09-29,139.56085205078125,133.2521514892578,273.6671142578125
2021-09-30,138.26129150390625,132.5802001953125,271.6627197265625
2021-10-01,139.38497924804688,135.42373657226562,278.58154296875
2021-10-04,135.95533752441406,132.5638427734375,272.8094177246094
2021-10-05,137.8802490234375,134.90798950195312,278.2539367675781
2021-10-06,138.74986267089844,136.4373321533203,282.4456481933594
2021-10-07,140.0103302001953,138.083740234375,284.122314453125
2021-10-08,139.62924194335938,138.6396484375,284.122314453125
2021-10-11,139.5413055419922,137.77529907226562,283.52490234375
2021-10-12,138.2710723876953,135.33050537109375,282.22406005859375
2021-10-13,137.68482971191406,136.45423889160156,285.5291748046875
2021-10-14,140.4696044921875,139.99395751953125,291.7348937988281
2021-10-15,141.52487182617188,140.2091522216797,293.141845703125
2021-10-18,143.19577026367188,141.6076202392578,296.1096496582031
2021-10-19,145.35513305664062,142.06285095214844,297.0155334472656
2021-10-20,145.8437042236328,140.6068878173828,296.225341796875
2021-10-21,146.0586700439453,140.72291564941406,299.4534606933594
2021-10-22,145.2866973876953,136.43882751464844,297.91168212890625
2021-10-25,145.23789978027344,136.32032775878906,296.919189453125
2021-10-26,145.90231323242188,138.1665496826172,298.8271484375
2021-10-27,145.44308471679688,145.0189208984375,311.41192626953125
2021-10-28,149.07794189453125,144.65345764160156,312.5490417480469
2021-10-29,146.37132263183594,146.83241271972656,319.5545654296875
2021-11-01,145.55055236816406,142.3207244873047,317.3863830566406
2021-11-02,146.58628845214844,144.24034118652344,321.0096130371094
2021-11-03,148.02264404296875,145.3963165283203,321.8479309082031
2021-11-04,147.50477600097656,147.05210876464844,324.19915771484375
2021-11-05,148.03317260742188,147.6318359375,323.83294677734375
2021-11-08,147.2112274169922,147.80935668945312,324.7291564941406
2021-11-09,147.5732879638672,147.6977996826172,323.72698974609375
2021-11-10,144.74530029296875,144.6975860595703,318.764404296875
2021-11-11,144.69638061523438,144.57162475585938,320.3350830078125
2021-11-12,146.77090454101562,147.45924377441406,324.46893310546875
2021-11-15,146.7806854248047,147.235107421875,323.84259033203125
2021-11-16,147.7592315673828,146.66383361816406,327.1574401855469
2021-11-17,150.19580078125,146.83340454101562,327.37945556640625
2021-11-18,154.48175048828125,148.61024475097656,329.45501708984375
2021-11-19,157.104248046875,147.70571899414062,331.2313537597656
2021-11-22,157.5641632080078,145.1027069091797,328.06494140625
2021-11-23,157.94578552246094,144.5869903564453,325.98931884765625
2021-11-24,158.46441650390625,144.92221069335938,326.21136474609375
2021-11-26,153.4445037841797,141.0175018310547,318.2662658691406
2021-11-29,156.80091857910156,144.33753967285156,324.9757385253906
2021-11-30,161.7523193359375,140.73434448242188,319.1448059082031
2021-12-01,161.2336883544922,139.895263671875,318.6524353027344
2021-12-02,160.245361328125,141.79408264160156,318.0828857421875
2021-12-03,158.36656188964844,140.8374786376953,311.8272705078125
2021-12-06,161.7718505859375,141.98153686523438,314.8970947265625
2021-12-07,167.506103515625,146.06231689453125,323.3249206542969
2021-12-08,171.32240295410156,146.97177124023438,323.3731689453125
2021-12-09,170.81350708007812,146.42828369140625,321.5679016113281
2021-12-10,175.59860229492188,146.7882843017578,330.6811218261719
2021-12-13,171.96826171875,144.63113403320312,327.6498718261719
2021-12-14,170.58848571777344,142.7273406982422,316.97271728515625
2021-12-15,175.4518280029297,145.24058532714844,323.06427001953125
2021-12-16,168.56289672851562,143.26095581054688,313.65179443359375
2021-12-17,167.46694946289062,140.56324768066406,312.58984375
2021-12-20,166.10678100585938,140.44618225097656,308.83453369140625
2021-12-21,169.2772674560547,142.2964324951172,315.9591064453125
2021-12-22,171.87034606933594,145.2147979736328,321.6644592285156
2021-12-23,172.4966278076172,145.71218872070312,323.1029052734375
2021-12-27,176.459716796875,146.69407653808594,330.5942687988281
2021-12-28,175.44204711914062,145.48455810546875,329.435791015625
2021-12-29,175.53012084960938,145.4528350830078,330.1114807128906
2021-12-30,174.3754425048828,145.00205993652344,327.5725402832031
2021-12-31,173.75897216796875,143.6646270751953,324.67645263671875
2022-01-03,178.10369873046875,143.80296325683594,323.16082763671875
2022-01-04,175.84324645996094,143.21580505371094,317.6195068359375
2022-01-05,171.1658477783203,136.64559936523438,305.4267578125
2022-01-06,168.30850219726562,136.6183624267578,303.0132751464844
2022-01-07,168.47486877441406,135.89382934570312,303.167724609375
2022-01-10,168.49444580078125,137.5327911376953,303.38983154296875
2022-01-11,171.32240295410156,138.59054565429688,304.0752258300781
2022-01-12,171.7627716064453,140.27113342285156,307.2513122558594
2022-01-13,168.49444580078125,137.45098876953125,294.24761962890625
2022-01-14,169.3555450439453,138.337158203125,299.4607849121094
2022-01-18,166.15573120117188,134.8831787109375,292.1720886230469
2022-01-19,162.6623077392578,134.00892639160156,292.82855224609375
2022-01-20,160.97926330566406,132.2147674560547,291.1584777832031
2022-01-21,158.92434692382812,129.28298950195312,285.78131103515625
2022-01-24,158.15127563476562,129.7317657470703,286.1094665527344
2022-01-25,156.3507537841797,125.89447784423828,278.5023498535156
2022-01-26,156.26268005371094,128.17364501953125,286.4377136230469
2022-01-27,155.8028106689453,127.94752502441406,289.4594421386719
2022-01-28,166.67434692382812,132.25787353515625,297.587890625
2022-01-31,171.02882385253906,134.1943817138672,300.2136535644531
2022-02-01,170.8624725341797,136.5157012939453,298.0705871582031
2022-02-02,172.06607055664062,146.7867889404297,302.60784912109375
2022-02-03,169.18917846679688,141.9170379638672,290.8205871582031
2022-02-04,168.90501403808594,142.11839294433594,295.34820556640625
2022-02-07,168.18980407714844,138.05995178222656,290.5309753417969
2022-02-08,171.29571533203125,138.2563018798828,294.0159606933594
2022-02-09,172.71640014648438,140.43133544921875,300.4357604980469
2022-02-10,168.64053344726562,137.4836883544922,291.91143798828125
2022-02-11,165.23086547851562,133.1817626953125,284.82562255859375
2022-02-14,165.46604919433594,134.41505432128906,284.7869873046875
2022-02-15,169.29698181152344,135.4886932373047,290.0675964355469
2022-02-16,169.0618133544922,136.60891723632812,289.72900390625
2022-02-17,165.46604919433594,131.45252990722656,281.2450866699219
2022-02-18,163.91796875,129.33404541015625,278.53643798828125
2022-02-22,160.9981689453125,128.7493896484375,278.33331298828125
2022-02-23,156.83412170410156,126.54212951660156,271.1263732910156
2022-02-24,159.4501495361328,131.60330200195312,284.97918701171875
2022-02-25,161.51751708984375,133.35731506347656,287.61041259765625
2022-02-28,161.781982421875,133.9499053955078,289.04217529296875
2022-03-01,159.9008331298828,132.96255493164062,285.3274841308594
2022-03-02,163.1929168701172,133.4683837890625,290.396484375
2022-03-03,162.86956787109375,132.80186462402344,286.2658386230469
2022-03-04,159.8714141845703,130.82521057128906,280.4035339355469
2022-03-07,156.07969665527344,125.3425521850586,269.8107604980469
2022-03-08,154.25726318359375,126.0625991821289,266.8505859375
2022-03-09,159.65586853027344,132.32630920410156,279.0878601074219
2022-03-10,155.31541442871094,131.3439483642578,276.2727966308594
2022-03-11,151.60203552246094,128.805908203125,270.9329528808594
2022-03-14,147.5751495361328,124.91854858398438,267.4212951660156
2022-03-15,151.95480346679688,128.138916015625,277.7818603515625
2022-03-16,156.36378479003906,132.18798828125,284.78570556640625
2022-03-17,157.37295532226562,132.74191284179688,285.588623046875
2022-03-18,160.66510009765625,135.00965881347656,290.6286926269531
2022-03-21,162.03677368164062,134.98585510253906,289.4000244140625
2022-03-22,165.4072265625,138.72146606445312,294.14019775390625
2022-03-23,166.76913452148438,137.14202880859375,289.7193603515625
2022-03-24,170.55113220214844,140.41151428222656,294.1789245605469
2022-03-25,171.1879425048828,140.51165771484375,293.77264404296875
2022-03-28,172.05018615722656,140.2959747314453,300.5636291503906
2022-03-29,175.3422393798828,141.33734130859375,305.11993408203125
2022-03-30,174.17633056640625,140.77499389648438,303.62054443359375
2022-03-31,171.08016967773438,137.9275360107422,298.25164794921875
2022-04-01,170.78622436523438,139.0016632080078,299.32537841796875
2022-04-04,174.83277893066406,141.79953002929688,304.6943359375
2022-04-05,171.5210723876953,139.4385528564453,300.7377014160156
2022-04-06,168.35635375976562,135.42868041992188,289.72900390625
2022-04-07,168.66009521484375,134.77459716796875,291.5379638671875
2022-04-08,166.65151977539062,132.19491577148438,287.281494140625
2022-04-11,162.3992919921875,127.76752471923828,275.9535827636719
2022-04-12,164.27066040039062,126.66758728027344,272.8580017089844
2022-04-13,166.95526123046875,128.8292236328125,278.23663330078125
2022-04-14,161.94857788085938,125.691162109375,270.70074462890625
2022-04-18,161.73304748535156,126.62991333007812,271.3681640625
2022-04-19,164.01593017578125,128.9432830810547,275.9922180175781
2022-04-20,163.849365234375,126.99042510986328,277.0177307128906
2022-04-21,163.0557403564453,123.79137420654297,271.64874267578125
2022-04-22,158.5193328857422,118.6548080444336,265.0899658203125
2022-04-25,159.5873260498047,122.06512451171875,271.561767578125
2022-04-26,153.63021850585938,117.67739868164062,261.4042663574219
2022-04-27,153.40489196777344,113.35760498046875,273.9801330566406
2022-04-28,160.33193969726562,117.55093383789062,280.1809997558594
2022-04-29,154.4630126953125,113.17411041259766,268.466064453125
2022-05-02,154.76675415039062,115.62732696533203,275.1893310546875
2022-05-03,156.25604248046875,116.37217712402344,272.5870666503906
2022-05-04,162.66383361816406,121.2587890625,280.5196228027344
2022-05-05,153.600830078125,115.55047607421875,268.3016357421875
2022-05-06,154.32693481445312,114.79768371582031,265.76708984375
2022-05-09,149.20492553710938,111.5887222290039,255.9481658935547
2022-05-10,151.60891723632812,113.45726776123047,260.70770263671875
2022-05-11,143.7493438720703,112.6712646484375,252.04971313476562
2022-05-12,139.88331604003906,111.91899108886719,247.0193634033203
2022-05-13,144.3478546142578,115.09921264648438,252.60116577148438
2022-05-16,142.80734252929688,113.50686645507812,252.96875
2022-05-17,146.43788146972656,115.51824188232422,258.1151123046875
2022-05-18,138.17599487304688,110.98223114013672,246.36328125
2022-05-19,134.77110290527344,109.47916412353516,245.4518280029297
2022-05-20,135.00662231445312,108.0152587890625,244.88941955566406
2022-05-23,140.42300415039062,110.57410430908203,252.73370361328125
2022-05-24,137.72459411621094,105.10133361816406,251.7349853515625
2022-05-25,137.881591796875,104.93768310546875,254.5469512939453
2022-05-26,141.08038330078125,106.90890502929688,257.8242492675781
2022-05-27,146.83038330078125,111.39582061767578,264.94134521484375
2022-05-31,146.04542541503906,112.8294677734375,263.6130065917969
2022-06-01,145.91786193847656,112.9583969116211,264.1462707519531
2022-06-02,148.37091064453125,116.6583251953125,266.2406921386719
2022-06-03,142.6503143310547,113.60208129882812,261.81915283203125
2022-06-06,143.39608764648438,115.86289978027344,260.5876770019531
2022-06-07,145.91786193847656,116.18919372558594,264.22381591796875
2022-06-08,145.1819305419922,116.23332977294922,262.1972351074219
2022-06-09,139.96182250976562,113.8941650390625,256.7480163574219
2022-06-10,134.5552978515625,110.25028228759766,245.306396484375
2022-06-13,129.4038543701172,105.52037811279297,234.9022674560547
2022-06-14,130.26731872558594,105.84072875976562,237.06454467773438
2022-06-15,132.8871612548828,108.86473846435547,244.11373901367188
2022-06-16,127.61800384521484,105.1643295288086,237.52996826171875
2022-06-17,129.08984375,106.26522064208984,240.12855529785156
2022-06-21,133.31890869140625,110.62965393066406,246.0336151123047
2022-06-22,132.80865478515625,110.5736083984375,245.44210815429688
2022-06-23,135.67388916015625,111.32191467285156,250.99810791015625
2022-06-24,139.00018310546875,117.00792694091797,259.56964111328125
2022-06-27,139.00018310546875,114.88398742675781,256.8449401855469
2022-06-28,134.85943603515625,111.08934020996094,248.69036865234375
2022-06-29,136.61582946777344,110.78585052490234,252.3555908203125
2022-06-30,134.15293884277344,108.06979370117188,249.02972412109375
2022-07-01,136.32147216796875,107.84614562988281,251.69619750976562
2022-07-05,138.9020538330078,112.33455657958984,254.86692810058594
2022-07-06,140.2365264892578,113.63282775878906,258.1248779296875
2022-07-07,143.60215759277344,117.80931091308594,260.24835205078125
2022-07-08,144.27919006347656,118.37512969970703,259.53082275390625
2022-07-11,142.14991760253906,114.728271484375,256.47650146484375
2022-07-12,143.121337890625,113.08585357666016,245.96571350097656
2022-07-13,142.75828552246094,110.44071197509766,245.04457092285156
2022-07-14,145.68234252929688,109.4627914428711,246.36328125
2022-07-15,147.3504180908203,110.86123657226562,248.92308044433594
2022-07-18,144.3086395263672,108.1362533569336,246.52809143066406
2022-07-19,148.16485595703125,112.87705993652344,251.64772033691406
2022-07-20,150.1665496826172,112.96633911132812,254.3045196533203
2022-07-21,152.43316650390625,113.40272521972656,256.7964782714844
2022-07-22,151.19677734375,107.01551818847656,252.45249938964844
2022-07-25,150.0782470703125,106.62871551513672,250.96902465820312
2022-07-26,148.7535858154297,104.15911865234375,244.24948120117188
2022-07-27,153.8461151123047,112.13322448730469,260.5780334472656
2022-07-28,154.3955841064453,113.2837142944336,268.0151062011719
2022-07-29,159.45870971679688,115.36650848388672,272.2135009765625
2022-08-01,158.4774932861328,113.91845703125,269.5665283203125
2022-08-02,157.0056610107422,114.18624877929688,266.4733581542969
2022-08-03,163.01077270507812,117.11207580566406,273.8910217285156
2022-08-04,162.69677734375,117.2211685180664,275.0351867675781
2022-08-05,162.4707794189453,116.507080078125,274.31756591796875
2022-08-08,161.9991455078125,116.33846282958984,271.8063659667969
2022-08-09,162.04823303222656,115.6739501953125,273.7261962890625
2022-08-10,166.29302978515625,118.71878814697266,280.3778381347656
2022-08-11,165.55612182617188,117.86583709716797,278.3028869628906
2022-08-12,169.1032257080078,120.68255615234375,283.0444030761719
2022-08-15,170.1742401123047,121.07928466796875,284.556884765625
2022-08-16,170.01702880859375,120.702392578125,283.8200378417969
2022-08-17,171.5105438232422,118.57002258300781,283.07183837890625
2022-08-18,171.11752319335938,119.1849365234375,281.9544677734375
2022-08-19,168.53334045410156,116.24921417236328,278.04815673828125
2022-08-22,164.65213012695312,113.30355072021484,269.885986328125
2022-08-23,164.31800842285156,112.9266586303711,268.61309814453125
2022-08-24,164.61280822753906,112.758056640625,267.98150634765625
2022-08-25,167.06927490234375,115.69377899169922,270.9548645019531
2022-08-26,160.77088928222656,109.43551635742188,260.4995422363281
2022-08-29,158.56988525390625,108.5230484008789,257.7205505371094
2022-08-30,156.14291381835938,108.04698944091797,255.52447509765625
2022-08-31,154.4823455810547,107.33290100097656,254.06690979003906
2022-09-01,155.20944213867188,108.84043884277344,253.02723693847656
2022-09-02,153.0968780517578,106.96592712402344,248.81015014648438
2022-09-06,151.8391571044922,105.9344482421875,246.0797119140625
2022-09-07,153.24429321289062,108.55281066894531,250.78269958496094
2022-09-08,151.7703857421875,107.49158477783203,251.20045471191406
2022-09-09,154.6297149658203,109.74298858642578,256.97222900390625
2022-09-12,160.58421325683594,109.95124816894531,259.10028076171875
2022-09-13,151.16119384765625,103.4648666381836,244.85536193847656
2022-09-14,152.60560607910156,104.13928985595703,245.078857421875
2022-09-15,149.71676635742188,102.06643676757812,238.43252563476562
2022-09-16,148.0758819580078,101.95732879638672,237.8106689453125
2022-09-19,151.7900390625,102.22511291503906,237.59690856933594
2022-09-20,154.16790771484375,100.3109359741211,235.5854949951172
2022-09-21,151.0432586669922,98.46617126464844,232.1845703125
2022-09-22,150.0803680419922,99.31912994384766,234.15708923339844
2022-09-23,147.810546875,97.93061065673828,231.18373107910156
2022-09-26,148.14463806152344,97.36527252197266,230.72705078125
2022-09-27,149.11740112304688,96.70076751708984,229.71649169921875
2022-09-28,147.2308349609375,99.2298812866211,234.24456787109375
2022-09-29,139.99899291992188,96.6214370727539,230.775634765625
2022-09-30,135.79348754882812,94.8659439086914,226.3058319091797
2022-10-03,139.96951293945312,97.83142852783203,233.92391967773438
2022-10-04,143.5559539794922,100.80683135986328,241.8334503173828
2022-10-05,143.85073852539062,100.59854888916016,242.14437866210938
2022-10-06,142.89761352539062,100.58863067626953,239.8025665283203
2022-10-07,137.65065002441406,97.87109375,227.60792541503906
2022-10-10,137.97486877441406,97.05781555175781,222.75921630859375
2022-10-11,136.55995178222656,96.3833999633789,219.02792358398438
2022-10-12,135.9310760498047,96.7602767944336,219.35830688476562
2022-10-13,140.50013732910156,98.24796295166016,227.60792541503906
2022-10-14,135.9704132080078,95.76847076416016,222.08876037597656
2022-10-17,139.93020629882812,99.15052032470703,230.80477905273438
2022-10-18,141.24688720703125,99.94396209716797,231.747314453125
2022-10-19,141.35499572753906,98.81330871582031,229.7845001220703
2022-10-20,140.89317321777344,99.15052032470703,229.46383666992188
2022-10-21,144.70556640625,100.30101013183594,235.26483154296875
2022-10-24,146.84762573242188,101.67961120605469,240.24960327148438
2022-10-25,149.68731689453125,103.6235580444336,243.5630340576172
2022-10-26,146.74935913085938,94.1518325805664,224.77059936523438
2022-10-27,142.2786102294922,91.46405792236328,220.33001708984375
2022-10-28,153.02810668945312,95.50068664550781,229.19178771972656
2022-10-31,150.66989135742188,93.73528289794922,225.55772399902344
2022-11-01,148.02671813964844,89.7283935546875,221.70977783203125
2022-11-02,142.5045928955078,86.25708770751953,213.86831665039062
2022-11-03,136.46170043945312,82.74610137939453,208.1839141845703
2022-11-04,136.19593811035156,85.87028503417969,215.12176513671875
2022-11-07,136.7274169921875,87.76461791992188,221.41827392578125
2022-11-08,137.2982635498047,88.17127227783203,222.3899688720703
2022-11-09,132.7413330078125,86.60420989990234,218.1533966064453
2022-11-10,144.5519561767578,93.16995239257812,236.1004638671875
2022-11-11,147.33729553222656,95.61970520019531,240.11354064941406
2022-11-14,145.93966674804688,94.91551208496094,234.71095275878906
2022-11-15,147.6719207763672,97.63307189941406,235.1190643310547
2022-11-16,146.44163513183594,98.03970336914062,235.5478057861328
2022-11-17,148.34120178222656,97.5537338256836,235.49908447265625
2022-11-18,148.90219116210938,96.63134002685547,235.05087280273438
2022-11-21,145.67396545410156,94.81633758544922,235.85964965820312
2022-11-22,147.80967712402344,96.25445556640625,238.76341247558594
2022-11-23,148.68568420410156,97.65290069580078,241.24818420410156
2022-11-25,145.7723846435547,96.66109466552734,241.1605224609375
2022-11-28,141.9437713623047,95.26265716552734,235.57704162597656
2022-11-29,138.94190979003906,94.40971374511719,234.18360900878906
2022-11-30,145.6936492919922,100.16216278076172,248.61485290527344
2022-12-01,145.96920776367188,100.16216278076172,248.1763916015625
2022-12-02,145.47714233398438,99.61666870117188,248.49795532226562
2022-12-05,144.3157501220703,98.66454315185547,243.80120849609375
2022-12-06,140.65444946289062,96.18502807617188,238.85110473632812
2022-12-07,138.71554565429688,94.1617660522461,238.1203155517578
2022-12-08,140.39854431152344,92.94184112548828,241.0727996826172
2022-12-09,139.91627502441406,92.06905364990234,239.1434326171875
2022-12-12,142.20948791503906,92.54511260986328,246.05206298828125
2022-12-13,143.1740264892578,94.84610748291016,250.34934997558594
2022-12-14,140.94972229003906,94.29068756103516,250.6416778564453
2022-12-15,134.3456268310547,90.1152114868164,242.64163208007812
2022-12-16,132.38705444335938,89.52012634277344,238.43209838867188
2022-12-19,130.28079223632812,87.71503448486328,234.300537109375
2022-12-20,130.21192932128906,88.29027557373047,235.61599731445312
2022-12-21,133.3121795654297,88.84568786621094,238.1787872314453
2022-12-22,130.1430206298828,87.04061889648438,232.09835815429688
2022-12-23,129.7788543701172,88.4985580444336,232.62452697753906
2022-12-27,127.97772979736328,86.67364501953125,230.8998260498047
2022-12-28,124.05070495605469,85.31486511230469,228.53195190429688
2022-12-29,127.56438446044922,87.72494506835938,234.8462371826172
2022-12-30,127.8792953491211,87.50675964355469,233.68667602539062
2023-01-03,123.09603118896484,88.38946533203125,233.4528045654297
2023-01-04,124.36565399169922,87.35797119140625,223.24081420898438
2023-01-05,123.04680633544922,85.49340057373047,216.62448120117188
2023-01-06,127.57420349121094,86.6240463256836,219.17745971679688
2023-01-09,128.0958251953125,87.29847717285156,221.31146240234375
2023-01-10,128.66671752929688,87.6951904296875,222.99722290039062
2023-01-11,131.3831329345703,90.769775390625,229.740234375
2023-01-12,131.30438232421875,90.38298034667969,232.41017150878906
2023-01-13,132.633056640625,91.36486053466797,233.11175537109375
2023-01-17,133.79441833496094,90.54167938232422,234.20310974121094
2023-01-18,133.07598876953125,90.37307739257812,229.77920532226562
2023-01-19,133.13502502441406,92.28724670410156,225.99844360351562
2023-01-20,135.6939697265625,97.21651458740234,234.07643127441406
2023-01-23,138.8828887939453,98.97200775146484,236.37606811523438
2023-01-24,140.28045654296875,96.89912414550781,235.8498992919922
2023-01-25,139.62103271484375,94.439453125,234.4564666748047
2023-01-26,141.68789672851562,96.72061157226562,241.657470703125
2023-01-27,143.6267547607422,98.55545043945312,241.8133544921875
2023-01-30,140.74302673339844,96.1453628540039,236.5027618408203
2023-01-31,142.01263427734375,98.02979278564453,241.47232055664062
2023-02-01,143.13465881347656,99.60675811767578,246.2859649658203
2023-02-02,148.43959045410156,106.85682678222656,257.8329162597656
2023-02-03,152.06150817871094,103.92109680175781,251.74278259277344
2023-02-06,149.3352508544922,102.05650329589844,250.2031707763672
2023-02-07,152.20913696289062,106.75763702392578,260.7171936035156
2023-02-08,149.52224731445312,98.55545043945312,259.90850830078125
2023-02-09,148.4888458251953,94.2311782836914,256.87799072265625
2023-02-10,148.853515625,93.79478454589844,256.371337890625
2023-02-13,151.65301513671875,93.83445739746094,264.381103515625
2023-02-14,151.0122528076172,93.90389251708984,265.20928955078125
2023-02-15,153.11181640625,96.1453628540039,263.0895080566406
2023-02-16,151.5149688720703,94.72708129882812,256.08538818359375
2023-02-17,150.37156677246094,93.57658386230469,252.08999633789062
2023-02-21,146.35968017578125,91.0375747680664,246.82470703125
2023-02-22,146.78353881835938,90.89871978759766,245.69151306152344
2023-02-23,147.26654052734375,90.14495086669922,248.8761444091797
2023-02-24,144.61497497558594,88.39937591552734,243.45449829101562
2023-02-27,145.80764770507812,89.13331604003906,244.37277221679688
2023-02-28,145.304931640625,89.3217544555664,243.64987182617188
2023-03-01,143.2349090576172,89.61930847167969,240.57276916503906
2023-03-02,143.8263702392578,91.24583435058594,245.30081176757812
2023-03-03,148.8732452392578,92.88233184814453,249.3840789794922
2023-03-06,151.63328552246094,94.3501968383789,250.9275360107422
2023-03-07,149.43511962890625,93.09061431884766,248.27047729492188
2023-03-08,150.6869659423828,93.47740936279297,247.8308563232422
2023-03-09,148.43951416015625,91.563232421875,246.48281860351562
2023-03-10,146.37939453125,89.88707733154297,242.83909606933594
2023-03-13,148.3212432861328,90.36314392089844,248.04579162597656
2023-03-14,150.41098022460938,93.19971466064453,254.75682067871094
2023-03-15,150.8052520751953,95.3221664428711,259.29925537109375
2023-03-16,153.62440490722656,99.4976577758789,269.8103942871094
2023-03-17,152.78656005859375,100.78700256347656,272.965576171875
2023-03-20,155.15228271484375,100.39028930664062,265.9322204589844
2023-03-21,157.00546264648438,104.05995178222656,267.4464111328125
2023-03-22,155.57615661621094,102.52266693115234,265.9908447265625
2023-03-23,156.6604461669922,104.73436737060547,271.2366027832031
2023-03-24,157.9615936279297,104.57569122314453,274.07928466796875
2023-03-27,156.01971435546875,101.6201171875,269.9861755371094
2023-03-28,155.39871215820312,100.20182800292969,268.8628234863281
2023-03-29,158.4741973876953,100.55888366699219,274.02069091796875
2023-03-30,160.0414276123047,100.06297302246094,277.4787902832031
2023-03-31,162.54519653320312,102.87970733642578,281.6304016113281
2023-04-03,163.79705810546875,103.50453186035156,280.585205078125
2023-04-04,163.26475524902344,103.8615951538086,280.5363464355469
2023-04-05,161.42147827148438,103.61363983154297,277.7620544433594
2023-04-06,162.30860900878906,107.53126525878906,284.8541259765625
2023-04-10,159.71620178222656,105.56748962402344,282.6951904296875
2023-04-11,158.5037384033203,104.48641204833984,276.2869873046875
2023-04-12,157.81375122070312,103.78224182128906,276.9317321777344
2023-04-13,163.19577026367188,106.54937744140625,283.1347961425781
2023-04-14,162.8507843017578,107.97755432128906,279.52044677734375
2023-04-17,162.87046813964844,105.10133361816406,282.1188659667969
2023-04-18,164.09274291992188,103.64339447021484,281.69879150390625
2023-04-19,165.2362060546875,103.32601165771484,281.7769470214844
2023-04-20,164.27017211914062,104.42691040039062,279.4910888671875
2023-04-21,162.66346740722656,104.54592895507812,279.1492004394531
2023-04-24,162.9690399169922,105.10133361816406,275.25152587890625
2023-04-25,161.4313201904297,102.99871826171875,269.04840087890625
2023-04-26,161.42147827148438,102.85986328125,288.5368347167969
2023-04-27,166.0050506591797,106.70806121826172,297.7780456542969
2023-04-28,167.25689697265625,106.46009826660156,300.15179443359375
2023-05-01,167.168212890625,106.32125091552734,298.49114990234375
2023-05-02,166.1331787109375,104.45667266845703,298.3445739746094
2023-05-03,165.05877685546875,104.54592895507812,297.3579406738281
2023-05-04,163.42245483398438,103.83183288574219,298.3445739746094
2023-05-05,171.09140014648438,104.7046127319336,303.4633483886719
2023-05-08,171.02239990234375,106.8865737915039,301.5096435546875
2023-05-09,169.3170928955078,106.47003173828125,299.8977966308594
2023-05-10,171.08151245117188,110.8339614868164,305.0849609375
2023-05-11,171.268798828125,115.61444091796875,302.93585205078125
2023-05-12,170.34097290039062,116.54674530029297,301.8222961425781
2023-05-15,169.84742736816406,115.554931640625,302.3009033203125
2023-05-16,169.84742736816406,118.53034973144531,304.5281982421875
2023-05-17,170.4593963623047,119.84944915771484,307.4064636230469
2023-05-18,172.7888946533203,121.82312774658203,311.83148193359375
2023-05-19,172.8975067138672,121.75371551513672,311.6553039550781
2023-05-22,171.94985961914062,124.02493286132812,314.4356384277344
2023-05-23,169.343994140625,121.55533599853516,308.6400451660156
2023-05-24,169.62037658691406,119.90895080566406,307.25958251953125
2023-05-25,170.75552368164062,122.46781158447266,319.076171875
2023-05-26,173.1640167236328,123.58853912353516,325.8997802734375
2023-05-30,175.00987243652344,122.65625,324.2550354003906
2023-05-31,174.96051025390625,121.8628158569336,321.49432373046875
2023-06-01,177.7637939453125,122.7058334350586,325.59625244140625
2023-06-02,178.61270141601562,123.64804077148438,328.3570556640625
2023-06-05,177.2603759765625,124.97706604003906,328.88580322265625
2023-06-06,176.89520263671875,126.26640319824219,326.67315673828125
2023-06-07,175.5231475830078,121.49584197998047,316.58941650390625
2023-06-08,178.23764038085938,121.13880157470703,318.4300231933594
2023-06-09,178.62258911132812,121.22805786132812,319.92791748046875
2023-06-12,181.41600036621094,122.62648010253906,324.8816223144531
2023-06-13,180.94223022460938,122.81493377685547,327.2703857421875
2023-06-14,181.57395935058594,122.65625,330.25634765625
2023-06-15,183.60736083984375,124.0645980834961,340.7903747558594
2023-06-16,182.53146362304688,122.51739501953125,335.1415710449219
2023-06-20,182.6202392578125,122.0909194946289,330.9513854980469
2023-06-21,181.58383178710938,119.56182861328125,326.5556640625
2023-06-22,184.58457946777344,122.14051818847656,332.5765075683594
2023-06-23,184.26866149902344,121.33715057373047,327.9849853515625
2023-06-26,182.87692260742188,117.36992645263672,321.69989013671875
2023-06-27,185.63082885742188,117.36001586914062,327.5445556640625
2023-06-28,186.80551147460938,119.19485473632812,328.7975769042969
2023-06-29,187.14109802246094,118.12371063232422,328.0144348144531
2023-06-30,191.4645538330078,118.71878814697266,333.38909912109375
2023-07-03,189.9740447998047,118.91716003417969,330.8926696777344
2023-07-05,188.858642578125,120.75199127197266,331.04931640625
2023-07-06,189.33242797851562,119.12542724609375,334.1038513183594
2023-07-07,188.21701049804688,118.50059509277344,330.13885498046875
2023-07-10,186.17376708984375,115.49541473388672,324.86199951171875
2023-07-11,185.65065002441406,116.17977905273438,325.48858642578125
2023-07-12,187.31878662109375,117.9551010131836,330.1192932128906
2023-07-13,188.07882690429688,123.51911926269531,335.4645690917969
2023-07-14,188.2268829345703,124.39189147949219,337.9904479980469
2023-07-17,191.48426818847656,123.62821960449219,338.4701843261719
2023-07-18,191.2276153564453,122.74549865722656,351.9411926269531
2023-07-19,192.5799560546875,121.0296859741211,347.6237487792969
2023-07-20,190.63540649414062,118.2228775024414,339.58624267578125
2023-07-21,189.4607391357422,119.03616333007812,336.5512390136719
2023-07-24,190.26028442382812,120.5337905883789,337.8631591796875
2023-07-25,191.11903381347656,121.20820617675781,343.60992431640625
2023-07-26,191.98768615722656,128.21034240722656,330.6772766113281
2023-07-27,190.72421264648438,128.33926391601562,323.7752685546875
2023-07-28,193.30050659179688,131.4932098388672,331.2646789550781
2023-07-31,193.91249084472656,131.63206481933594,328.86614990234375
2023-08-01,193.08334350585938,130.47164916992188,329.2773132324219
2023-08-02,190.0924835205078,127.32763671875,320.6229248046875
2023-08-03,188.70069885253906,127.39706420898438,319.8005676269531
2023-08-04,179.6392822265625,127.05984497070312,320.8970642089844
2023-08-07,176.53982543945312,130.45179748535156,323.1781311035156
2023-08-08,177.4775390625,130.3228759765625,319.2033996582031
2023-08-09,175.8883514404297,128.59713745117188,315.46368408203125
2023-08-10,175.67120361328125,128.62692260742188,316.1488952636719
2023-08-11,175.73048400878906,128.49795532226562,314.2692565917969
2023-08-14,177.38116455078125,130.25344848632812,317.235595703125
2023-08-15,175.39442443847656,128.71615600585938,315.1013488769531
2023-08-16,174.524658203125,127.64502716064453,314.336181640625
2023-08-17,171.98440551757812,128.85501098632812,310.8828125
2023-08-18,172.46873474121094,126.41516876220703,310.4903564453125
2023-08-21,173.80307006835938,127.31771850585938,315.78814697265625
2023-08-22,175.17698669433594,128.02191162109375,316.35711669921875
2023-08-23,179.0218963623047,131.28492736816406,320.81121826171875
2023-08-24,174.3368377685547,128.71615600585938,313.914306640625
2023-08-25,176.54100036621094,128.81533813476562,316.86737060546875
2023-08-28,178.10272216796875,129.9360809326172,317.57366943359375
2023-08-29,181.98716735839844,133.46690368652344,322.1945495605469
2023-08-30,185.47628784179688,134.7661590576172,322.5674133300781
2023-08-31,185.69375610351562,135.0537872314453,321.556884765625
2023-09-01,187.2653350830078,134.54800415039062,322.4398193359375
2023-09-05,187.5025634765625,134.65707397460938,327.2372741699219
2023-09-06,180.7911834716797,133.35780334472656,326.5799865722656
2023-09-07,175.50315856933594,134.1512451171875,323.66619873046875
2023-09-08,176.115966796875,135.2620849609375,327.9436340332031
2023-09-11,177.2823028564453,135.79762268066406,331.5442199707031
2023-09-12,174.25775146484375,134.2305908203125,325.4909362792969
2023-09-13,172.19200134277344,135.58937072753906,329.6997985839844
2023-09-14,173.70428466796875,136.9679718017578,332.2898254394531
2023-09-15,172.9827117919922,136.273681640625,323.9703674316406
2023-09-18,175.90843200683594,137.0770721435547,322.832275390625
2023-09-19,176.9956817626953,136.90843200683594,322.4300231933594
2023-09-20,173.4571533203125,132.64369201660156,314.6991271972656
2023-09-21,171.9152069091797,129.37075805664062,313.4826354980469
2023-09-22,172.76524353027344,129.1822967529297,311.01031494140625
2023-09-25,174.04029846191406,130.03524780273438,311.5303039550781
2023-09-26,169.96803283691406,127.51609802246094,306.2325134277344
2023-09-27,168.4557647705078,129.4699249267578,306.8702087402344
2023-09-28,168.7127685546875,131.22540283203125,307.7041015625
2023-09-29,169.2267303466797,129.7873077392578,309.774169921875
2023-10-02,171.73731994628906,133.07017517089844,315.70965576171875
2023-10-03,170.40292358398438,131.3444366455078,307.45880126953125
2023-10-04,171.64834594726562,134.13140869140625,312.9234313964844
2023-10-05,172.8838653564453,133.9628143310547,313.3157958984375
2023-10-06,175.4340057373047,136.45223999023438,321.06634521484375
2023-10-09,176.91661071777344,137.2853240966797,323.5779113769531
2023-10-10,176.3235626220703,136.9282989501953,322.17498779296875
2023-10-11,177.71719360351562,139.3979034423828,326.1286926269531
2023-10-12,178.61668395996094,137.83084106445312,324.8925476074219
2023-10-13,176.77822875976562,136.23402404785156,321.5274963378906
2023-10-16,176.64974975585938,137.95977783203125,326.344482421875
2023-10-17,175.09788513183594,138.57470703125,325.7754821777344
2023-10-18,173.80307006835938,136.82911682128906,323.86236572265625
2023-10-19,173.42752075195312,136.62081909179688,325.0494689941406
2023-10-20,170.8773956298828,134.4884490966797,320.4875183105469
2023-10-23,170.99598693847656,135.38108825683594,323.0873107910156
2023-10-24,171.4308624267578,137.672119140625,324.2743835449219
2023-10-25,169.11802673339844,124.5803451538086,334.2225341796875
2023-10-26,164.95677185058594,121.27764129638672,321.68438720703125
2023-10-27,166.27134704589844,121.16854095458984,323.5680236816406
2023-10-30,168.3173828125,123.43977355957031,330.9261169433594
2023-10-31,168.79183959960938,123.06289672851562,331.7109375
2023-11-01,171.9547576904297,125.4134521484375,339.5203552246094
2023-11-02,175.5130615234375,126.4449462890625,341.727783203125
2023-11-03,174.60369873046875,128.041748046875,346.12298583984375
2023-11-06,177.15382385253906,129.1822967529297,349.7823486328125
2023-11-07,179.7138214111328,129.89639282226562,353.7066650390625
2023-11-08,180.7714080810547,130.75927734375,356.3261413574219
2023-11-09,180.29698181152344,129.17239379882812,353.8636169433594
2023-11-10,184.48348999023438,131.50311279296875,362.6737060546875
2023-11-13,182.89996337890625,131.00723266601562,359.740234375
2023-11-14,185.51280212402344,132.52467346191406,363.2623291015625
2023-11-15,186.07693481445312,133.5164794921875,363.4097900390625
2023-11-16,187.7594757080078,135.80755615234375,369.79974365234375
2023-11-17,187.73968505859375,134.20082092285156,363.58673095703125
2023-11-20,189.4815673828125,135.1331329345703,371.0481872558594
2023-11-21,188.6798858642578,135.8472442626953,366.7522277832031
2023-11-22,189.34300231933594,137.35476684570312,371.4512634277344
2023-11-24,188.01678466796875,135.5695343017578,371.038330078125
2023-11-27,187.838623046875,135.29183959960938,372.1983947753906
2023-11-28,188.44236755371094,136.07533264160156,376.21917724609375
2023-11-29,187.42295837402344,133.8834686279297,372.4343566894531
2023-11-30,187.9969940185547,131.44361877441406,372.4932861328125
2023-12-01,189.27374267578125,130.77911376953125,368.1678161621094
2023-12-04,187.48231506347656,128.21034240722656,362.8887634277344
2023-12-05,191.43130493164062,129.916259765625,366.21148681640625
2023-12-06,190.3426513671875,128.95419311523438,362.5545654296875
2023-12-07,192.27259826660156,135.80755615234375,364.6680603027344
2023-12-08,193.69778442382812,133.8834686279297,367.8926086425781
2023-12-11,191.1937713623047,132.19737243652344,365.0121765136719
2023-12-12,192.70806884765625,131.43370056152344,368.0400390625
2023-12-13,195.92465209960938,131.48330688476562,368.03021240234375
2023-12-14,196.07308959960938,130.8584442138672,359.733154296875
2023-12-15,195.53863525390625,131.51304626464844,364.45184326171875
2023-12-18,193.87591552734375,134.6868133544922,366.33929443359375
2023-12-19,194.91514587402344,135.52984619140625,366.9389953613281
2023-12-20,192.82681274414062,137.2059783935547,364.34368896484375
2023-12-21,192.67835998535156,139.26893615722656,367.2142639160156
2023-12-22,191.60948181152344,140.33018493652344,368.236572265625
2023-12-26,191.0651092529297,140.35992431640625,368.3152770996094
2023-12-27,191.16409301757812,139.21934509277344,367.7352600097656
2023-12-28,191.5896759033203,139.0804901123047,368.9248046875
2023-12-29,190.5504608154297,138.54493713378906,369.6719055175781
2024-01-02,183.7313232421875,137.03738403320312,364.5894470214844
2024-01-03,182.35557556152344,137.78125,364.32403564453125
2024-01-04,180.0396728515625,135.27195739746094,361.7090759277344
2024-01-05,179.31716918945312,134.61740112304688,361.52227783203125
2024-01-08,183.65213012695312,137.70188903808594,368.34478759765625
2024-01-09,183.23643493652344,139.79458618164062,369.4261474609375
2024-01-10,184.27566528320312,141.1136932373047,376.28790283203125
2024-01-11,183.6818389892578,140.9153594970703,378.1164245605469
2024-01-12,184.0084228515625,141.4806365966797,381.8914489746094
2024-01-16,181.74197387695312,141.32199096679688,383.6609191894531
2024-01-17,180.80174255371094,140.31033325195312,382.8744812011719
2024-01-18,186.69058227539062,142.3038330078125,387.199951171875
2024-01-19,189.59043884277344,145.1800994873047,391.918701171875
2024-01-22,191.89649963378906,144.7932891845703,389.7952880859375
2024-01-23,193.17320251464844,145.8346710205078,392.1448059082031
2024-01-24,192.50021362304688,147.4810791015625,395.7427978515625
2024-01-25,192.1736297607422,150.6250762939453,398.01373291015625
2024-01-26,190.4416046142578,150.94244384765625,397.0896301269531
2024-01-29,189.75869750976562,152.25161743164062,402.7815856933594
2024-01-30,186.1066131591797,150.21847534179688,401.6706848144531
2024-01-31,182.50405883789062,138.95156860351562,390.84710693359375
2024-02-01,184.9387664794922,140.00289916992188,396.942138671875
2024-02-02,183.9391326904297,141.21287536621094,404.25616455078125
2024-02-05,185.7503204345703,142.502197265625,398.78045654296875
2024-02-06,187.3536834716797,142.91879272460938,398.6231994628906
2024-02-07,187.46253967285156,144.34698486328125,407.0382080078125
2024-02-08,186.38375854492188,144.7139434814453,407.0971374511719
2024-02-09,187.14682006835938,147.77862548828125,413.4281311035156
2024-02-12,185.46212768554688,146.32064819335938,408.2277526855469
2024-02-13,183.3711700439453,143.9502410888672,399.4391174316406
2024-02-14,182.4891815185547,144.74371337890625,403.2998352050781
2024-02-15,182.20181274414062,141.5996856689453,400.4141845703125
2024-02-16,180.66580200195312,139.36810302734375,397.95196533203125
2024-02-20,179.92257690429688,139.96319580078125,396.7011413574219
2024-02-21,180.67568969726562,141.38148498535156,396.1003723144531
2024-02-22,182.70721435546875,142.90884399414062,405.4272155761719
2024-02-23,180.8739013671875,142.7799072265625,404.13702392578125
2024-02-26,179.5261688232422,136.44232177734375,401.37939453125
2024-02-27,180.98289489746094,137.74156188964844,401.32025146484375
2024-02-28,179.78379821777344,135.2620849609375,401.556640625
2024-02-29,179.11984252929688,137.3249969482422,407.38714599609375
2024-03-01,178.03968811035156,136.0158233642578,409.2190246582031
2024-03-04,173.52084350585938,132.25689697265625,408.64776611328125
2024-03-05,168.58572387695312,131.5824737548828,396.5632629394531
2024-03-06,167.5947265625,130.3228759765625,396.0117492675781
2024-03-07,167.475830078125,133.2784423828125,402.9552001953125
2024-03-08,169.19021606445312,134.29998779296875,400.079345703125
2024-03-11,171.1920166015625,136.54148864746094,398.40496826171875
2024-03-12,171.66766357421875,137.36468505859375,409.0023193359375
2024-03-13,169.5866241455078,138.6440887451172,408.8250732421875
2024-03-14,171.43975830078125,141.92698669433594,418.7920837402344
2024-03-15,171.06317138671875,140.02268981933594,410.1251525878906
2024-03-18,172.15325927734375,146.46942138671875,411.0115051269531
2024-03-19,174.49197387695312,145.82476806640625,415.0396423339844
2024-03-20,177.05860900878906,147.52073669433594,418.80194091796875
2024-03-21,169.82444763183594,146.39010620117188,422.87933349609375
2024-03-22,170.72625732421875,149.5341033935547,422.2588806152344
2024-03-25,169.3091278076172,148.83985900878906,416.4677429199219
2024-03-26,168.17945861816406,149.43492126464844,415.2760314941406
2024-03-27,171.74696350097656,149.63327026367188,415.059326171875
2024-03-28,169.93344116210938,149.6927947998047,414.3600769042969
2024-04-01,168.49655151367188,154.2154083251953,418.15185546875
2024-04-02,167.3172607421875,153.29302978515625,415.06927490234375
2024-04-03,168.11996459960938,153.6500701904297,414.0942077636719
2024-04-04,167.29747009277344,149.2960662841797,411.56304931640625
2024-04-05,168.0506134033203,151.24990844726562,419.0875549316406
2024-04-08,166.93077087402344,153.58065795898438,418.17156982421875
2024-04-09,168.13980102539062,155.31631469726562,419.8360900878906
2024-04-10,166.26686096191406,154.86007690429688,416.8617248535156
2024-04-11,173.46133422851562,158.10328674316406,421.46112060546875
2024-04-12,174.95774841308594,156.43704223632812,415.522216796875
2024-04-15,171.132568359375,153.59059143066406,407.38714599609375
2024-04-16,167.85240173339844,153.13433837890625,408.31292724609375
2024-04-17,166.48486328125,154.19558715820312,405.6142883300781
2024-04-18,165.5334930419922,154.73114013671875,398.1587829589844
2024-04-19,163.5119171142578,152.82687377929688,393.0865783691406
2024-04-22,164.3443145751953,154.99893188476562,394.8988037109375
2024-04-23,165.39476013183594,156.9626922607422,401.408935546875
2024-04-24,167.4956512451172,157.82557678222656,402.8763732910156
2024-04-25,168.3577880859375,154.72122192382812,393.0078430175781
2024-04-26,167.77313232421875,170.54049682617188,400.17779541015625
2024-04-29,171.93524169921875,164.78802490234375,396.1693115234375
2024-04-30,168.7938232421875,161.44564819335938,383.4446105957031
2024-05-01,167.77313232421875,162.51678466796875,388.96978759765625
2024-05-02,171.46949768066406,165.25416564941406,391.82598876953125
2024-05-03,181.72613525390625,165.86907958984375,400.5126647949219
2024-05-06,180.07119750976562,166.72206115722656,407.28863525390625
2024-05-07,180.75497436523438,169.84619140625,403.1521301269531
2024-05-08,181.09190368652344,167.99154663085938,404.3340148925781
2024-05-09,182.90542602539062,168.56678771972656,406.08709716796875
2024-05-10,181.64515686035156,167.2675323486328,408.47052001953125
2024-05-13,184.850341796875,167.7534942626953,407.4659423828125
2024-05-14,185.9915313720703,168.9436798095703,410.26300048828125
2024-05-15,188.26397705078125,171.0959014892578,417.4360046386719
2024-05-16,188.38302612304688,172.752197265625,415.3738708496094
2024-05-17,188.41281127929688,174.61679077148438,414.6042785644531
2024-05-20,189.57382202148438,175.46975708007812,419.6658935546875
2024-05-21,190.87379455566406,176.39212036132812,423.3165588378906
2024-05-22,189.43490600585938,174.9341583251953,424.7767333984375
2024-05-23,185.44577026367188,172.1273651123047,421.3037109375
2024-05-24,188.52195739746094,173.55557250976562,424.42156982421875
2024-05-28,188.5319061279297,174.95399475097656,424.5794372558594
2024-05-29,188.82960510253906,174.4580841064453,423.4447937011719
2024-05-30,189.82191467285156,170.6991729736328,409.1382751464844
2024-05-31,190.77455139160156,171.08596801757812,409.59210205078125
2024-06-03,192.5408935546875,171.75050354003906,408.0035400390625
2024-06-04,192.8584442138672,172.36538696289062,410.5195007324219
2024-06-05,194.3667755126953,173.97213745117188,418.3536071777344
2024-06-06,192.9874267578125,175.28128051757812,418.8568115234375
2024-06-07,195.37892150878906,173.02992248535156,418.1957702636719
2024-06-10,191.6378631591797,173.7746124267578,422.162109375
2024-06-11,205.5601806640625,175.3732452392578,426.9079284667969
2024-06-12,211.43478393554688,176.5349578857422,435.1761474609375
2024-06-13,212.59579467773438,173.92355346679688,435.689208984375
2024-06-14,210.85923767089844,175.5420379638672,436.66607666015625
2024-06-17,215.00714111328125,175.98890686035156,442.3887023925781
2024-06-18,212.64540100097656,173.85403442382812,440.3857116699219
2024-06-20,208.0707550048828,175.05551147460938,439.7543029785156
2024-06-21,205.8975830078125,178.36203002929688,443.7798767089844
2024-06-24,206.54261779785156,177.9548797607422,441.6979675292969
2024-06-25,207.46546936035156,182.7309112548828,444.9342346191406
2024-06-26,211.61337280273438,182.58200073242188,446.12811279296875
2024-06-27,212.45684814453125,184.10121154785156,446.80889892578125
2024-06-28,209.00355529785156,180.86419677734375,440.9875793457031
2024-07-01,215.08651733398438,181.69830322265625,450.63714599609375
2024-07-02,218.5795135498047,183.9324188232422,453.15313720703125
2024-07-03,219.84970092773438,184.50831604003906,454.6231689453125
2024-07-05,224.6029052734375,189.25457763671875,461.32269287109375
2024-07-08,226.0715789794922,187.69564819335938,460.020263671875
2024-07-09,226.92495727539062,187.64601135253906,453.4096374511719
2024-07-10,231.19195556640625,189.8304443359375,460.0301208496094
2024-07-11,225.82347106933594,184.2600860595703,448.6341857910156
2024-07-12,228.7706756591797,183.76361083984375,447.4995422363281
2024-07-15,232.60105895996094,185.2133026123047,447.904052734375
2024-07-16,233.01785278320312,182.62171936035156,443.5232849121094
2024-07-17,227.1234130859375,179.74221801757812,437.60333251953125
2024-07-18,222.45950317382812,176.43569946289062,434.495361328125
2024-07-19,222.58848571777344,176.40589904785156,431.27880859375
2024-07-22,222.24119567871094,180.38758850097656,437.03106689453125
2024-07-23,223.2831268310547,180.5067596435547,438.9156188964844
2024-07-24,216.86279296875,171.4114227294922,423.1783752441406
2024-07-25,215.8208465576172,166.0991668701172,412.81842041015625
2024-07-26,216.2872314453125,165.82113647460938,419.5967712402344
2024-07-29,216.5651092529297,168.3332977294922,421.0373229980469
2024-07-30,217.12078857421875,169.0879364013672,417.27813720703125
2024-07-31,220.37562561035156,170.3291015625,412.76910400390625
2024-08-01,216.68417358398438,169.5546112060547,411.545654296875
2024-08-02,218.17263793945312,165.4835662841797,403.0406494140625
2024-08-05,207.66392517089844,158.12586975097656,389.87860107421875
2024-08-06,205.63955688476562,157.17263793945312,394.27911376953125
2024-08-07,208.209716796875,157.8180389404297,393.1148376464844
2024-08-08,211.67291259765625,160.88623046875,397.3180236816406
2024-08-09,214.58045959472656,162.51466369628906,400.6036071777344
2024-08-12,216.1103973388672,161.14437866210938,401.3830261230469
2024-08-13,219.82598876953125,163.00120544433594,408.487060546875
2024-08-14,220.27304077148438,159.23794555664062,411.2989501953125
2024-08-15,223.25347900390625,160.161376953125,416.162109375
2024-08-16,224.57479858398438,161.80967712402344,413.6317443847656
2024-08-19,224.4158172607422,165.49346923828125,416.6563415527344
2024-08-20,225.03176879882812,165.9998779296875,419.8885192871094
2024-08-21,224.92250061035156,164.67926025390625,419.23614501953125
2024-08-22,223.064697265625,162.64373779296875,410.7454528808594
2024-08-23,225.35963439941406,164.4508819580078,411.9711608886719
2024-08-26,225.69740295410156,164.98709106445312,408.70928955078125
2024-08-27,226.54183959960938,163.51751708984375,409.05523681640625
2024-08-28,225.01193237304688,161.70045471191406,405.85272216796875
2024-08-29,228.29039001464844,160.63800048828125,408.3435363769531
2024-08-30,227.5055389404297,162.2267303466797,412.3171081542969
2024-09-03,221.31619262695312,156.2491912841797,404.70611572265625
2024-09-04,219.40872192382812,155.3456268310547,404.17236328125
2024-09-05,220.9287567138672,156.1300506591797,403.6682434082031
2024-09-06,219.37890625,149.8546600341797,397.0556335449219
2024-09-09,219.46835327148438,147.85621643066406,401.02911376953125
2024-09-10,218.67355346679688,147.80650329589844,409.4111022949219
2024-09-11,221.20692443847656,150.29212951660156,418.14886474609375
2024-09-12,221.31619262695312,153.80186462402344,422.0631103515625
2024-09-13,221.04795837402344,156.55596923828125,425.611572265625
2024-09-16,214.9082794189453,157.15252685546875,426.3529052734375
2024-09-17,215.37521362304688,158.40530395507812,430.11883544921875
2024-09-18,219.24977111816406,158.8924560546875,425.8290100097656
2024-09-19,227.37637329101562,161.20907592773438,433.617919921875
2024-09-20,226.7107391357422,162.65078735351562,430.2374572753906
2024-09-23,224.99205017089844,160.9207763671875,428.497802734375
2024-09-24,225.8861846923828,161.35821533203125,424.2080383300781
2024-09-25,224.8927001953125,160.5628204345703,427.1139831542969
2024-09-26,226.03521728515625,161.7957000732422,426.3232421875
2024-09-27,226.30343627929688,163.00869750976562,423.0713195800781
2024-09-30,231.4794464111328,164.89779663085938,425.324951171875
2024-10-01,224.7337646484375,166.03123474121094,415.8260498046875
2024-10-02,225.30001831054688,164.90774536132812,412.3072204589844
2024-10-03,224.19725036621094,164.90774536132812,411.7240295410156
2024-10-04,225.3199005126953,166.10084533691406,411.24957275390625
2024-10-07,220.24325561523438,162.0442657470703,404.8049621582031
2024-10-08,224.296630859375,163.4362335205078,409.9151916503906
2024-10-09,228.0419921875,160.93067932128906,412.6333923339844
2024-10-10,227.54527282714844,161.14944458007812,411.0321350097656
2024-10-11,226.06500244140625,162.3028106689453,411.506591796875
2024-10-14,229.79052734375,164.01290893554688,414.2939758300781
2024-10-15,232.3238983154297,164.5100555419922,413.8985595703125
2024-10-16,230.26739501953125,164.21177673339844,411.30889892578125
2024-10-17,230.63497924804688,161.9945526123047,411.9019470214844
2024-10-18,233.46636962890625,162.48171997070312,413.32525634765625
2024-10-21,234.93670654296875,163.12803649902344,413.9381408691406
2024-10-22,234.32077026367188,164.19186401367188,422.56719970703125
2024-10-23,229.25405883789062,161.8454132080078,419.6908264160156
2024-10-24,229.0653076171875,161.78578186035156,419.8193054199219
2024-10-25,229.89981079101562,164.3211212158203,423.1997985839844
2024-10-28,231.87681579589844,165.76280212402344,421.65777587890625
2024-10-29,232.14508056640625,168.70579528808594,426.9558410644531
2024-10-30,228.59835815429688,173.45834350585938,427.5291748046875
2024-10-31,224.4357147216797,170.12757873535156,401.6518249511719
2024-11-01,221.4552764892578,170.3065643310547,405.6253662109375
2024-11-04,220.56114196777344,168.26832580566406,403.7374572753906
2024-11-05,221.9917449951172,168.7654571533203,406.7027587890625
2024-11-06,221.26651000976562,175.49658203125,415.3219909667969
2024-11-07,225.99545288085938,179.71226501464844,420.51123046875
2024-11-08,225.72694396972656,177.32603454589844,417.6546630859375
2024-11-11,223.01174926757812,179.31455993652344,413.1770324707031
2024-11-12,223.01174926757812,180.57725524902344,418.13897705078125
2024-11-13,223.89691162109375,177.8529815673828,420.2839050292969
2024-11-14,226.98008728027344,174.5719451904297,421.954345703125
2024-11-15,223.777587890625,171.49969482421875,410.2018127441406
2024-11-18,226.7811737060547,174.29354858398438,410.95306396484375
2024-11-19,227.03973388671875,177.09732055664062,412.9595947265625
2024-11-20,227.755859375,174.96963500976562,410.6861267089844
2024-11-21,227.2784423828125,166.66757202148438,408.9132995605469
2024-11-22,228.62110900878906,163.81405639648438,413.00372314453125
2024-11-25,231.6048126220703,166.6874542236328,414.7765808105469
2024-11-26,233.78292846679688,168.14901733398438,423.8883972167969
2024-11-27,233.6536102294922,168.25839233398438,418.93634033203125
2024-11-29,236.04058837890625,167.97998046875,419.4018249511719
2024-12-02,238.28831481933594,170.50543212890625,426.8498229980469
2024-12-03,241.3316650390625,170.35629272460938,427.0676574707031
2024-12-04,241.68971252441406,173.36888122558594,433.22808837890625
2024-12-05,241.7195587158203,171.64881896972656,438.3782043457031
2024-12-06,241.52064514160156,173.7069549560547,439.3191223144531
2024-12-09,245.40939331054688,174.5629425048828,441.74560546875
2024-12-10,246.4238739013672,184.31787109375,439.0813903808594
2024-12-11,245.1508026123047,194.5008087158203,444.68719482421875
2024-12-12,246.61282348632812,191.07664489746094,445.2516784667969
2024-12-13,246.7819061279297,188.94647216796875,442.9836120605469
2024-12-16,249.67608642578125,195.7550048828125,447.26226806640625
2024-12-17,252.10284423828125,194.5207061767578,450.1047668457031
2024-12-18,246.70236206054688,187.53298950195312,433.1983642578125
2024-12-19,248.43287658691406,187.64248657226562,432.8417663574219
2024-12-20,253.10736083984375,190.52914428710938,432.4159240722656
2024-12-23,253.8831024169922,193.73434448242188,431.078857421875
2024-12-24,256.7972106933594,195.20751953125,435.1197204589844
2024-12-26,257.61273193359375,194.6998748779297,433.91143798828125
2024-12-27,254.20135498046875,191.87294006347656,426.4040832519531
2024-12-30,250.82977294921875,190.35995483398438,420.7586975097656
2024-12-31,249.05946350097656,188.42886352539062,417.4605712890625
2025-01-02,242.52517700195312,188.55825805664062,414.5685729980469
2025-01-03,242.03782653808594,190.90740966796875,419.29290771484375
2025-01-06,243.6688995361328,195.9640350341797,423.7497863769531
2025-01-07,240.89405822753906,194.5903778076172,418.3222351074219
2025-01-08,241.3813934326172,193.05747985839844,420.49127197265625
2025-01-10,235.56317138671875,191.15623474121094,414.9350280761719
2025-01-13,233.12649536132812,190.1309814453125,413.1919250488281
2025-01-14,232.01258850097656,188.78720092773438,411.6864929199219
2025-01-15,236.57765197753906,194.6501007080078,422.22454833984375
2025-01-16,227.0198516845703,192.02224731445312,420.5110778808594
2025-01-17,228.7305145263672,195.09803771972656,424.91845703125
2025-01-21,221.43040466308594,197.1385955810547,424.3935241699219
2025-01-22,222.61392211914062,197.45712280273438,441.9239501953125
2025-01-23,222.4448699951172,197.0689239501953,442.4289855957031
2025-01-24,221.5696258544922,199.2886505126953,439.804443359375
2025-01-27,228.6111602783203,190.9273223876953,430.3955078125
2025-01-28,236.96551513671875,194.40126037597656,442.9143371582031
2025-01-29,238.05953979492188,194.5107421875,438.0909729003906
2025-01-30,236.2991485595703,199.9456329345703,411.01300048828125
2025-01-31,234.71778869628906,203.0811309814453,411.08233642578125
2025-02-03,226.77120971679688,200.30397033691406,406.9820251464844
2025-02-04,231.53518676757812,205.43026733398438,408.4180908203125
2025-02-05,231.20697021484375,190.4495391845703,409.32928466796875
2025-02-06,231.95289611816406,190.71827697753906,411.8350524902344
2025-02-07,226.39329528808594,184.48707580566406,405.8232116699219
2025-02-10,226.66207885742188,185.61187744140625,408.26953125
2025-02-11,231.61053466796875,184.46719360351562,407.49700927734375
2025-02-12,235.84210205078125,182.76504516601562,405.1199951171875
2025-02-13,240.48187255859375,185.2834014892578,406.60565185546875
2025-02-14,243.53855895996094,184.37759399414062,404.515869140625
2025-02-18,243.4091339111328,182.92431640625,405.71429443359375
2025-02-19,243.80735778808594,184.41741943359375,410.79510498046875
2025-02-20,244.76321411132812,183.71067810058594,412.9684753417969
2025-02-21,244.48443603515625,178.83322143554688,405.108642578125
2025-02-24,246.0277099609375,178.42510986328125,400.9306335449219
2025-02-25,245.9679718017578,174.61273193359375,394.8769836425781
2025-02-26,239.31695556640625,171.93511962890625,396.6930847167969
2025-02-27,236.27024841308594,167.72459411621094,389.5477600097656
2025-02-28,240.79054260253906,169.49639892578125,393.973876953125
2025-03-03,236.9970703125,166.24143981933594,385.5384521484375
2025-03-04,234.9061737060547,170.13345336914062,385.65753173828125
2025-03-05,234.7169952392578,172.22378540039062,397.9732360839844
2025-03-06,234.30877685546875,171.55686950683594,393.8746643066406
2025-03-07,238.03256225585938,173.0599365234375,390.32183837890625
2025-03-10,226.4928436279297,165.2968292236328,377.2717590332031
2025-03-11,219.8816680908203,163.47314453125,377.5595397949219
2025-03-12,216.0384063720703,166.5325469970703,380.3581237792969
2025-03-13,208.77008056640625,162.1975860595703,375.892333984375
2025-03-14,212.5635528564453,164.91815185546875,385.60791015625
2025-03-17,213.07135009765625,163.7222900390625,385.74688720703125
2025-03-18,211.76702880859375,160.1147918701172,380.606201171875
2025-03-19,214.30596923828125,163.3236846923828,384.8735656738281
2025-03-20,213.17091369628906,162.23744201660156,383.9010009765625
2025-03-21,217.3228302001953,163.42333984375,388.2874450683594
2025-03-24,219.7721405029297,167.1005859375,390.0935974121094
2025-03-25,222.77902221679688,169.97064208984375,392.1578063964844
2025-03-26,220.5686798095703,164.4896240234375,387.0072326660156
2025-03-27,222.8786163330078,161.67938232421875,387.612548828125
2025-03-28,216.9544219970703,153.79672241210938,375.9220886230469
2025-03-31,221.1660614013672,154.1056365966797,372.5379943847656
2025-04-01,222.22145080566406,156.52725219726562,379.2863464355469
2025-04-02,222.91842651367188,156.49734497070312,379.2366943359375
2025-04-03,202.30825805664062,150.19920349121094,370.2752990722656
2025-04-04,187.56253051757812,145.09689331054688,357.10614013671875
2025-04-07,180.6725616455078,146.24288940429688,355.14117431640625
2025-04-08,171.6717987060547,144.19998168945312,351.8662414550781
2025-04-09,197.98709106445312,158.1615753173828,387.52325439453125
2025-04-10,189.5936737060547,152.29193115234375,378.4527282714844
2025-04-11,197.29013061523438,156.59701538085938,385.498779296875
2025-04-14,201.6411590576172,158.52035522460938,384.8636169433594
2025-04-15,201.2628173828125,155.76988220214844,382.7994384765625
2025-04-16,193.4269561767578,152.8001708984375,368.78668212890625
2025-04-17,196.12521362304688,150.63766479492188,364.9858093261719
2025-04-21,192.32177734375,147.15972900390625,356.3916015625
2025-04-22,198.87322998046875,150.94659423828125,364.0330810546875
2025-04-23,203.71212768554688,154.81320190429688,371.5456237792969
2025-04-24,207.46575927734375,158.72959899902344,384.3575134277344
2025-04-25,208.371826171875,161.40036010742188,388.8729248046875
2025-04-28,209.22808837890625,160.05502319335938,388.1882019042969
2025-04-29,210.29347229003906,159.60658264160156,391.0462951660156
2025-04-30,211.57785034179688,158.2512664794922,392.2570495605469
2025-05-01,212.39430236816406,160.74261474609375,422.16802978515625
2025-05-02,204.45889282226562,163.4632110595703,431.9729919433594
2025-05-05,198.02691650390625,163.64259338378906,432.85626220703125
2025-05-06,197.6485595703125,162.66595458984375,430.0179443359375
2025-05-07,195.3983612060547,150.85691833496094,430.0576477050781
2025-05-08,196.63299560546875,153.7469024658203,434.8410339355469
2025-05-09,197.66848754882812,152.22216796875,435.3967590332031
2025-05-12,210.15048217773438,157.91244506835938,445.8468017578125
2025-05-13,212.28399658203125,158.97874450683594,445.72772216796875
2025-05-14,211.68582153320312,164.79855346679688,449.4988098144531
2025-05-15,210.80850219726562,163.39344787597656,450.512939453125
2025-05-16,210.61907958984375,165.61572265625,451.6463317871094
2025-05-19,208.14659118652344,165.96450805664062,456.2197570800781
2025-05-20,206.232421875,163.4133758544922,455.5238342285156
2025-05-21,201.47689819335938,167.97755432128906,449.9561767578125
2025-05-22,200.74911499023438,170.27955627441406,452.23291015625
2025-05-23,194.6775665283203,167.8878631591797,447.5799560546875
2025-05-27,199.60260009765625,172.30255126953125,458.0292663574219
2025-05-28,199.8119659423828,171.76441955566406,454.7184753417969
2025-05-29,199.34336853027344,171.26614379882812,456.0308837890625
2025-05-30,200.24066162109375,171.1465606689453,457.7011413574219
2025-06-02,201.08807373046875,168.4459228515625,459.3018493652344
2025-06-03,202.6533203125,165.60577392578125,460.2961120605469
2025-06-04,202.20468139648438,167.46929931640625,461.19091796875
2025-06-05,200.0213165283203,167.62876892089844,464.9788818359375
2025-06-06,203.30133056640625,173.079833984375,467.6632995605469
2025-06-09,200.8388214111328,175.6939697265625,470.0196228027344
2025-06-10,202.0551300048828,178.19833374023438,468.2001647949219
2025-06-11,198.1769256591797,176.95114135742188,469.890380859375
2025-06-12,198.5956573486328,175.30484008789062,476.104248046875
2025-06-13,195.85400390625,174.27716064453125,472.21685791015625
2025-06-16,197.81802368164062,176.3724365234375,476.3727111816406
2025-06-17,195.0464630126953,175.5542755126953,475.279052734375
2025-06-18,195.9835968017578,172.93020629882812,477.4663391113281
2025-06-20,200.3902130126953,166.26522827148438,474.64276123046875
2025-06-23,200.888671875,164.8184814453125,483.19305419921875
2025-06-24,199.6923065185547,166.3949432373047,487.279296875
2025-06-25,200.948486328125,170.296142578125,489.4268493652344
2025-06-26,200.3902130126953,173.14968872070312,494.57696533203125
2025-06-27,200.469970703125,178.12847900390625,493.0756530761719
2025-06-30,204.5475311279297,175.83364868164062,494.53717041015625
2025-07-01,207.18951416015625,175.44451904296875,489.2081298828125
2025-07-02,211.7954864501953,178.23822021484375,488.253662109375
2025-07-03,212.90211486816406,179.126220703125,495.95892333984375
2025-07-07,209.31304931640625,176.3923797607422,494.8454284667969
2025-07-08,209.3728485107422,173.9678497314453,493.75177001953125
2025-07-09,210.4994354248047,176.22276306152344,500.60198974609375
2025-07-10,211.7655792236328,177.22052001953125,498.58367919921875
2025-07-11,210.51937866210938,179.78475952148438,500.4130859375
2025-07-14,207.987060546875,181.1516571044922,500.1147766113281
2025-07-15,208.4755859375,181.59066772460938,502.89862060546875
2025-07-16,209.52239990234375,182.55850219726562,502.69976806640625
2025-07-17,209.38282775878906,183.1671142578125,508.7446594238281
2025-07-18,210.539306640625,184.64378356933594,507.1041564941406
2025-07-21,211.83535766601562,189.67245483398438,507.1141357421875
2025-07-22,213.74952697753906,190.90966796875,502.35174560546875
2025-07-23,213.5002899169922,189.8021697998047,502.94830322265625
2025-07-24,213.11148071289062,191.73779296875,507.9294128417969
2025-07-25,213.23110961914062,192.7455291748047,510.7430419921875
2025-07-28,213.40061950683594,192.14686584472656,509.5400390625
2025-07-29,210.62904357910156,195.30975341796875,509.609619140625
2025-07-30,208.41578674316406,196.08799743652344,510.2757873535156
2025-07-31,206.9402618408203,191.46839904785156,530.4187622070312
2025-08-01,201.76600646972656,188.7046356201172,521.0829467773438
2025-08-04,202.7330780029297,194.60133361816406,532.54638671875
2025-08-05,202.3043670654297,194.232177734375,524.7019653320312
2025-08-06,212.60302734375,195.6489715576172,521.908203125
2025-08-07,219.36245727539062,196.07801818847656,517.8319091796875
2025-08-08,228.6541748046875,200.9669952392578,519.02490234375
2025-08-11,226.747802734375,200.54794311523438,518.7564697265625
2025-08-12,229.21310424804688,202.88267517089844,526.183349609375
2025-08-13,232.88612365722656,201.50579833984375,517.5734252929688
2025-08-14,232.337158203125,202.48358154296875,519.46240234375
2025-08-15,231.1494140625,203.44140625,517.1657104492188
2025-08-18,230.4507598876953,203.04232788085938,514.1134643554688
2025-08-19,230.1213836669922,201.11666870117188,506.8257751464844
2025-08-20,225.5800323486328,198.87171936035156,502.7991943359375
2025-08-21,224.47215270996094,199.3007354736328,502.15185546875
2025-08-22,227.3267059326172,205.62649536132812,505.1295166015625
2025-08-25,226.72784423828125,208.02108764648438,502.17181396484375
2025-08-26,228.87376403808594,206.6741180419922,499.96099853515625
2025-08-27,230.05152893066406,207.01336669921875,504.64154052734375
2025-08-28,232.11758422851562,211.16400146484375,507.529541015625
2025-08-29,231.69837951660156,212.43115234375,504.59173583984375
2025-09-02,229.28298950195312,210.8746795654297,503.0282287597656
2025-09-03,238.01634216308594,230.1412353515625,503.2572937011719
2025-09-04,239.32383728027344,231.7775421142578,505.866455078125
2025-09-05,239.2340087890625,234.4714813232422,492.9501647949219
2025-09-08,237.42745971679688,233.72247314453125,496.13690185546875
2025-09-09,233.9041748046875,239.30490112304688,496.34600830078125
2025-09-10,226.35855102539062,238.84552001953125,498.29791259765625
2025-09-11,229.59239196777344,240.0438995361328,498.9352722167969
2025-09-12,233.6247100830078,240.4733123779297,507.7884521484375
2025-09-15,236.24969482421875,251.26864624023438,513.225830078125
2025-09-16,237.6969451904297,250.8192596435547,506.9320068359375
2025-09-17,238.5353546142578,249.19146728515625,507.9079284667969
2025-09-18,237.42745971679688,251.68807983398438,506.3444519042969
2025-09-19,245.032958984375,254.3744354248047,515.7852172851562
2025-09-22,255.5928192138672,252.18740844726562,512.3196411132812
2025-09-23,253.9459686279297,251.31858825683594,507.1212463378906
2025-09-24,251.8300018310547,246.80471801757812,508.0373840332031
2025-09-25,256.3813171386719,245.45652770996094,504.9303283691406
2025-09-26,254.97401428222656,246.2055206298828,509.3419494628906
2025-09-29,253.9459686279297,243.71890258789062,512.4689331054688
2025-09-30,254.14559936523438,242.77020263671875,515.8051147460938
2025-10-01,254.9640350341797,244.5677490234375,517.5578002929688
2025-10-02,256.6408386230469,245.356689453125,513.6041870117188
2025-10-03,257.5291442871094,245.0171356201172,515.20751953125
2025-10-06,256.20166015625,250.09024047851562,526.3811645507812
2025-10-07,255.99209594726562,245.42657470703125,521.8101196289062
2025-10-08,257.569091796875,244.2881317138672,522.676513671875
2025-10-09,253.55670166015625,241.2023162841797,520.2366943359375
2025-10-10,244.80340576171875,236.24905395507812,508.84405517578125
2025-10-13,247.18885803222656,243.8187713623047,511.9212646484375
2025-10-14,247.29864501953125,245.11700439453125,511.4432067871094
2025-10-15,248.86566162109375,250.68943786621094,511.3038330078125
2025-10-16,246.97926330566406,251.1188507080078,509.4913330078125
2025-10-17,251.81002807617188,252.95635986328125,511.4532165527344
2025-10-20,261.7411193847656,256.2019348144531,514.6498413085938
2025-10-21,262.27008056640625,250.12020874023438,515.5162963867188
2025-10-22,257.9583435058594,251.34854125976562,518.3843383789062
2025-10-23,259.0861511230469,252.7366485595703,518.404296875
2025-10-24,262.3200378417969,259.5674133300781,521.441650390625
2025-10-27,268.2986145019531,268.9046630859375,529.3189697265625
2025-10-28,268.4882507324219,267.1071472167969,539.8251953125
2025-10-29,269.1869201660156,274.197509765625,539.3073120117188
2025-10-30,270.8836669921875,281.09814453125,523.582763671875
2025-10-31,269.85565185546875,280.80853271484375,515.6656494140625
2025-11-03,268.53814697265625,283.3350830078125,514.888916015625
2025-11-04,269.5262756347656,277.1634826660156,512.2001342773438
2025-11-05,269.6260986328125,283.9242858886719,505.0597839355469
2025-11-06,269.25677490234375,284.36370849609375,495.04144287109375
2025-11-07,267.9592590332031,278.4516906738281,494.7626037597656
2025-11-10,269.1781311035156,289.7064208984375,503.90460205078125
2025-11-11,274.99267578125,290.9147644042969,506.573486328125
2025-11-12,273.21435546875,286.3210144042969,509.0233154296875
2025-11-13,272.6948547363281,278.19207763671875,501.205810546875
2025-11-14,272.15533447265625,276.0350036621094,508.0672912597656
2025-11-17,267.2099609375,284.63330078125,505.388427734375
2025-11-18,267.19000244140625,283.8943176269531,491.74517822265625
2025-11-19,268.3089294433594,292.4127502441406,485.102783203125
2025-11-20,266.0010986328125,289.05731201171875,477.3404846191406
2025-11-21,271.2361755371094,299.2534484863281,471.04486083984375
2025-11-24,275.6620788574219,318.14776611328125,472.92059326171875
2025-11-25,276.7110900878906,323.0011901855469,475.90374755859375
2025-11-26,277.29052734375,319.5159606933594,484.3943786621094
2025-11-28,278.5893249511719,319.74560546875,490.88958740234375
2025-12-01,282.8353576660156,314.4627990722656,485.6315612792969
2025-12-02,285.9224548339844,315.38153076171875,488.8841552734375
2025-12-03,283.8843688964844,319.1963806152344,476.64208984375
2025-12-04,280.4375915527344,317.1890869140625,479.7449951171875
2025-12-05,278.5193786621094,320.8341064453125,482.0597229003906
2025-12-08,277.6302185058594,313.49932861328125,489.9018249511719
2025-12-09,276.9208679199219,316.85693359375,490.8995361328125
2025-12-10,278.5193786621094,319.9847412109375,477.4701843261719
2025-12-11,277.77008056640625,312.210205078125,482.3690185546875
2025-12-12,278.0198669433594,309.07244873046875,477.4402770996094
2025-12-15,273.8537292480469,308.003173828125,473.73870849609375
2025-12-16,274.353271484375,306.3543395996094,475.3051452636719
2025-12-17,271.58587646484375,296.5112609863281,475.0357360839844
2025-12-18,271.935546875,302.2472229003906,482.87786865234375
2025-12-19,273.4141845703125,306.9439392089844,484.8134460449219
2025-12-22,270.7166748046875,309.56207275390625,483.81573486328125
2025-12-23,272.1053771972656,314.1288757324219,485.7413330078125
2025-12-24,273.55401611328125,313.8690490722656,486.90863037109375
2025-12-26,273.1444091796875,313.2894592285156,486.599365234375
2025-12-29,273.50408935546875,313.33941650390625,485.9907531738281
2025-12-30,272.82470703125,313.6292419433594,486.3699035644531
2025-12-31,271.6058349609375,312.7798156738281,482.5186767578125
